SampleSize,AverageHitRate
2,0.0008686911078499674
5,0.002700191306959819
10,0.0031818508558949794
20,0.006014474047001685
50,0.012778970292733225
100,0.018760697580571598
