SampleSize,AverageHitRate
2,0.0010284124075055606
5,0.004582251042075045
10,0.005716272914351651
20,0.011905758738490422
50,0.02179054505209247
100,0.03233013974165951
